java.spring.security.unrestricted-request-mapping.unrestricted-request-mapping,WARNING,src/main/java/org/owasp/webgoat/container/service/LabelDebugService.java,35,"Detected a method annotated with 'RequestMapping' that does not specify the HTTP method. CSRF protections are not enabled for GET, HEAD, TRACE, or OPTIONS, and by default all HTTP methods are allowed when the HTTP method is not explicitly specified. This means that a method that performs state changes could be vulnerable to CSRF attacks. To mitigate, add the 'method' field and specify the HTTP method (such as 'RequestMethod.POST')."
java.spring.security.unrestricted-request-mapping.unrestricted-request-mapping,WARNING,src/main/java/org/owasp/webgoat/container/service/LabelDebugService.java,48,"Detected a method annotated with 'RequestMapping' that does not specify the HTTP method. CSRF protections are not enabled for GET, HEAD, TRACE, or OPTIONS, and by default all HTTP methods are allowed when the HTTP method is not explicitly specified. This means that a method that performs state changes could be vulnerable to CSRF attacks. To mitigate, add the 'method' field and specify the HTTP method (such as 'RequestMethod.POST')."
java.spring.security.unrestricted-request-mapping.unrestricted-request-mapping,WARNING,src/main/java/org/owasp/webgoat/container/service/LessonMenuService.java,45,"Detected a method annotated with 'RequestMapping' that does not specify the HTTP method. CSRF protections are not enabled for GET, HEAD, TRACE, or OPTIONS, and by default all HTTP methods are allowed when the HTTP method is not explicitly specified. This means that a method that performs state changes could be vulnerable to CSRF attacks. To mitigate, add the 'method' field and specify the HTTP method (such as 'RequestMethod.POST')."
java.spring.security.unrestricted-request-mapping.unrestricted-request-mapping,WARNING,src/main/java/org/owasp/webgoat/container/service/SessionService.java,22,"Detected a method annotated with 'RequestMapping' that does not specify the HTTP method. CSRF protections are not enabled for GET, HEAD, TRACE, or OPTIONS, and by default all HTTP methods are allowed when the HTTP method is not explicitly specified. This means that a method that performs state changes could be vulnerable to CSRF attacks. To mitigate, add the 'method' field and specify the HTTP method (such as 'RequestMethod.POST')."
java.lang.security.audit.crypto.weak-random.weak-random,WARNING,src/main/java/org/owasp/webgoat/lessons/challenges/challenge1/ImageServlet.java,21,"Detected use of the functions `Math.random()` or `java.util.Random()`. These are both not cryptographically strong random number generators (RNGs). If you are using these RNGs to create passwords or secret tokens, use `java.security.SecureRandom` instead."
java.spring.security.injection.tainted-sql-string.tainted-sql-string,ERROR,src/main/java/org/owasp/webgoat/lessons/challenges/challenge5/Assignment5.java,45,"User data flows into this manually-constructed SQL string. User data can be safely inserted into SQL strings using prepared statements or an object-relational mapper (ORM). Manually-constructed SQL strings is a possible indicator of SQL injection, which could let an attacker steal or manipulate data from the database. Instead, use prepared statements (`connection.PreparedStatement`) or a safe library."
java.lang.security.audit.formatted-sql-string.formatted-sql-string,ERROR,src/main/java/org/owasp/webgoat/lessons/challenges/challenge5/Assignment5.java,50,Detected a formatted string in a SQL statement. This could lead to SQL injection if variables in the SQL statement are not properly sanitized. Use a prepared statements (java.sql.PreparedStatement) instead. You can obtain a PreparedStatement using 'connection.prepareStatement'.
java.lang.security.audit.crypto.weak-random.weak-random,WARNING,src/main/java/org/owasp/webgoat/lessons/cryptography/EncodingAssignment.java,37,"Detected use of the functions `Math.random()` or `java.util.Random()`. These are both not cryptographically strong random number generators (RNGs). If you are using these RNGs to create passwords or secret tokens, use `java.security.SecureRandom` instead."
java.lang.security.audit.tainted-session-from-http-request.tainted-session-from-http-request,WARNING,src/main/java/org/owasp/webgoat/lessons/cryptography/EncodingAssignment.java,39,"Detected input from a HTTPServletRequest going into a session command, like `setAttribute`. User input into such a command could lead to an attacker inputting malicious code into your session parameters, blurring the line between what's trusted and untrusted, and therefore leading to a trust boundary violation. This could lead to programmers trusting unvalidated data. Instead, thoroughly sanitize user input before passing it into such function calls."
java.spring.security.unrestricted-request-mapping.unrestricted-request-mapping,WARNING,src/main/java/org/owasp/webgoat/lessons/cryptography/HashingAssignment.java,30,"Detected a method annotated with 'RequestMapping' that does not specify the HTTP method. CSRF protections are not enabled for GET, HEAD, TRACE, or OPTIONS, and by default all HTTP methods are allowed when the HTTP method is not explicitly specified. This means that a method that performs state changes could be vulnerable to CSRF attacks. To mitigate, add the 'method' field and specify the HTTP method (such as 'RequestMethod.POST')."
java.lang.security.audit.crypto.weak-random.weak-random,WARNING,src/main/java/org/owasp/webgoat/lessons/cryptography/HashingAssignment.java,37,"Detected use of the functions `Math.random()` or `java.util.Random()`. These are both not cryptographically strong random number generators (RNGs). If you are using these RNGs to create passwords or secret tokens, use `java.security.SecureRandom` instead."
java.lang.security.audit.crypto.use-of-md5.use-of-md5,WARNING,src/main/java/org/owasp/webgoat/lessons/cryptography/HashingAssignment.java,39,Detected MD5 hash algorithm which is considered insecure. MD5 is not collision resistant and is therefore not suitable as a cryptographic signature. Use HMAC instead.
java.spring.security.unrestricted-request-mapping.unrestricted-request-mapping,WARNING,src/main/java/org/owasp/webgoat/lessons/cryptography/HashingAssignment.java,49,"Detected a method annotated with 'RequestMapping' that does not specify the HTTP method. CSRF protections are not enabled for GET, HEAD, TRACE, or OPTIONS, and by default all HTTP methods are allowed when the HTTP method is not explicitly specified. This means that a method that performs state changes could be vulnerable to CSRF attacks. To mitigate, add the 'method' field and specify the HTTP method (such as 'RequestMethod.POST')."
java.lang.security.audit.crypto.weak-random.weak-random,WARNING,src/main/java/org/owasp/webgoat/lessons/cryptography/HashingAssignment.java,55,"Detected use of the functions `Math.random()` or `java.util.Random()`. These are both not cryptographically strong random number generators (RNGs). If you are using these RNGs to create passwords or secret tokens, use `java.security.SecureRandom` instead."
java.spring.security.unrestricted-request-mapping.unrestricted-request-mapping,WARNING,src/main/java/org/owasp/webgoat/lessons/cryptography/SigningAssignment.java,37,"Detected a method annotated with 'RequestMapping' that does not specify the HTTP method. CSRF protections are not enabled for GET, HEAD, TRACE, or OPTIONS, and by default all HTTP methods are allowed when the HTTP method is not explicitly specified. This means that a method that performs state changes could be vulnerable to CSRF attacks. To mitigate, add the 'method' field and specify the HTTP method (such as 'RequestMethod.POST')."
java.lang.security.audit.object-deserialization.object-deserialization,WARNING,src/main/java/org/owasp/webgoat/lessons/deserialization/InsecureDeserializationTask.java,42,"Found object deserialization using ObjectInputStream. Deserializing entire Java objects is dangerous because malicious actors can create Java object streams with unintended consequences. Ensure that the objects being deserialized are not user-controlled. If this must be done, consider using HMACs to sign the data stream to make sure it is not tampered with, or consider only transmitting object fields and populating a new object."
java.lang.security.audit.object-deserialization.object-deserialization,WARNING,src/main/java/org/owasp/webgoat/lessons/deserialization/SerializationHelper.java,22,"Found object deserialization using ObjectInputStream. Deserializing entire Java objects is dangerous because malicious actors can create Java object streams with unintended consequences. Ensure that the objects being deserialized are not user-controlled. If this must be done, consider using HMACs to sign the data stream to make sure it is not tampered with, or consider only transmitting object fields and populating a new object."
java.lang.security.audit.cookie-missing-httponly.cookie-missing-httponly,WARNING,src/main/java/org/owasp/webgoat/lessons/hijacksession/HijackSessionAssignment.java,70,A cookie was detected without setting the 'HttpOnly' flag. The 'HttpOnly' flag for cookies instructs the browser to forbid client-side scripts from reading the cookie. Set the 'HttpOnly' flag by calling 'cookie.setHttpOnly(true);'
java.lang.security.audit.crypto.weak-random.weak-random,WARNING,src/main/java/org/owasp/webgoat/lessons/hijacksession/cas/HijackSessionAuthenticationProvider.java,25,"Detected use of the functions `Math.random()` or `java.util.Random()`. These are both not cryptographically strong random number generators (RNGs). If you are using these RNGs to create passwords or secret tokens, use `java.security.SecureRandom` instead."
java.lang.security.audit.crypto.weak-random.weak-random,WARNING,src/main/java/org/owasp/webgoat/lessons/jwt/JWTSecretKeyEndpoint.java,38,"Detected use of the functions `Math.random()` or `java.util.Random()`. These are both not cryptographically strong random number generators (RNGs). If you are using these RNGs to create passwords or secret tokens, use `java.security.SecureRandom` instead."
java.spring.security.unrestricted-request-mapping.unrestricted-request-mapping,WARNING,src/main/java/org/owasp/webgoat/lessons/jwt/JWTSecretKeyEndpoint.java,43,"Detected a method annotated with 'RequestMapping' that does not specify the HTTP method. CSRF protections are not enabled for GET, HEAD, TRACE, or OPTIONS, and by default all HTTP methods are allowed when the HTTP method is not explicitly specified. This means that a method that performs state changes could be vulnerable to CSRF attacks. To mitigate, add the 'method' field and specify the HTTP method (such as 'RequestMethod.POST')."
java.servlets.security.cookie-issecure-false.cookie-issecure-false,WARNING,src/main/java/org/owasp/webgoat/lessons/jwt/JWTVotesEndpoint.java,114,Default session middleware settings: `setSecure` not set to true. This ensures that the cookie is sent only over HTTPS to prevent cross-site scripting attacks.
java.lang.security.audit.cookie-missing-httponly.cookie-missing-httponly,WARNING,src/main/java/org/owasp/webgoat/lessons/jwt/JWTVotesEndpoint.java,115,A cookie was detected without setting the 'HttpOnly' flag. The 'HttpOnly' flag for cookies instructs the browser to forbid client-side scripts from reading the cookie. Set the 'HttpOnly' flag by calling 'cookie.setHttpOnly(true);'
java.lang.security.audit.cookie-missing-secure-flag.cookie-missing-secure-flag,WARNING,src/main/java/org/owasp/webgoat/lessons/jwt/JWTVotesEndpoint.java,115,A cookie was detected without setting the 'secure' flag. The 'secure' flag for cookies prevents the client from transmitting the cookie over insecure channels such as HTTP. Set the 'secure' flag by calling 'cookie.setSecure(true);'
java.servlets.security.cookie-issecure-false.cookie-issecure-false,WARNING,src/main/java/org/owasp/webgoat/lessons/jwt/JWTVotesEndpoint.java,119,Default session middleware settings: `setSecure` not set to true. This ensures that the cookie is sent only over HTTPS to prevent cross-site scripting attacks.
java.lang.security.audit.cookie-missing-httponly.cookie-missing-httponly,WARNING,src/main/java/org/owasp/webgoat/lessons/jwt/JWTVotesEndpoint.java,120,A cookie was detected without setting the 'HttpOnly' flag. The 'HttpOnly' flag for cookies instructs the browser to forbid client-side scripts from reading the cookie. Set the 'HttpOnly' flag by calling 'cookie.setHttpOnly(true);'
java.lang.security.audit.cookie-missing-secure-flag.cookie-missing-secure-flag,WARNING,src/main/java/org/owasp/webgoat/lessons/jwt/JWTVotesEndpoint.java,120,A cookie was detected without setting the 'secure' flag. The 'secure' flag for cookies prevents the client from transmitting the cookie over insecure channels such as HTTP. Set the 'secure' flag by calling 'cookie.setSecure(true);'
java.spring.security.injection.tainted-url-host.tainted-url-host,ERROR,src/main/java/org/owasp/webgoat/lessons/jwt/claimmisuse/JWTHeaderJKUEndpoint.java,57,"User data flows into the host portion of this manually-constructed URL. This could allow an attacker to send data to their own server, potentially exposing sensitive data such as cookies or authorization information sent with this request. They could also probe internal servers or other resources that the server running this code can access. (This is called server-side request forgery, or SSRF.) Do not allow arbitrary hosts. Instead, create an allowlist for approved hosts, hardcode the correct host, or ensure that the user data can only affect the path or parameters."
java.spring.security.audit.spring-unvalidated-redirect.spring-unvalidated-redirect,WARNING,src/main/java/org/owasp/webgoat/lessons/openredirect/OpenRedirectRealRedirect.java,18,Application redirects a user to a destination URL specified by a user supplied parameter that is not validated.
java.lang.security.httpservlet-path-traversal.httpservlet-path-traversal,ERROR,src/main/java/org/owasp/webgoat/lessons/pathtraversal/ProfileUploadRetrieval.java,100,"Detected a potential path traversal. A malicious actor could control the location of this file, to include going backwards in the directory with '../'. To address this, ensure that user-controlled variables in file paths are sanitized. You may also consider using a utility method such as org.apache.commons.io.FilenameUtils.getName(...) to only retrieve the file name from the path."
java.servlets.security.cookie-issecure-false.cookie-issecure-false,WARNING,src/main/java/org/owasp/webgoat/lessons/spoofcookie/SpoofCookieAssignment.java,58,Default session middleware settings: `setSecure` not set to true. This ensures that the cookie is sent only over HTTPS to prevent cross-site scripting attacks.
java.lang.security.audit.cookie-missing-httponly.cookie-missing-httponly,WARNING,src/main/java/org/owasp/webgoat/lessons/spoofcookie/SpoofCookieAssignment.java,60,A cookie was detected without setting the 'HttpOnly' flag. The 'HttpOnly' flag for cookies instructs the browser to forbid client-side scripts from reading the cookie. Set the 'HttpOnly' flag by calling 'cookie.setHttpOnly(true);'
java.lang.security.audit.cookie-missing-secure-flag.cookie-missing-secure-flag,WARNING,src/main/java/org/owasp/webgoat/lessons/spoofcookie/SpoofCookieAssignment.java,60,A cookie was detected without setting the 'secure' flag. The 'secure' flag for cookies prevents the client from transmitting the cookie over insecure channels such as HTTP. Set the 'secure' flag by calling 'cookie.setSecure(true);'
java.lang.security.audit.cookie-missing-httponly.cookie-missing-httponly,WARNING,src/main/java/org/owasp/webgoat/lessons/spoofcookie/SpoofCookieAssignment.java,77,A cookie was detected without setting the 'HttpOnly' flag. The 'HttpOnly' flag for cookies instructs the browser to forbid client-side scripts from reading the cookie. Set the 'HttpOnly' flag by calling 'cookie.setHttpOnly(true);'
java.spring.security.injection.tainted-sql-string.tainted-sql-string,ERROR,src/main/java/org/owasp/webgoat/lessons/sqlinjection/advanced/SqlInjectionChallenge.java,55,"User data flows into this manually-constructed SQL string. User data can be safely inserted into SQL strings using prepared statements or an object-relational mapper (ORM). Manually-constructed SQL strings is a possible indicator of SQL injection, which could let an attacker steal or manipulate data from the database. Instead, use prepared statements (`connection.PreparedStatement`) or a safe library."
java.lang.security.audit.formatted-sql-string.formatted-sql-string,ERROR,src/main/java/org/owasp/webgoat/lessons/sqlinjection/advanced/SqlInjectionChallenge.java,57,Detected a formatted string in a SQL statement. This could lead to SQL injection if variables in the SQL statement are not properly sanitized. Use a prepared statements (java.sql.PreparedStatement) instead. You can obtain a PreparedStatement using 'connection.prepareStatement'.
java.lang.security.audit.sqli.jdbc-sqli.jdbc-sqli,WARNING,src/main/java/org/owasp/webgoat/lessons/sqlinjection/advanced/SqlInjectionChallenge.java,57,Detected a formatted string in a SQL statement. This could lead to SQL injection if variables in the SQL statement are not properly sanitized. Use a prepared statements (java.sql.PreparedStatement) instead. You can obtain a PreparedStatement using 'connection.prepareStatement'.
java.lang.security.audit.formatted-sql-string.formatted-sql-string,ERROR,src/main/java/org/owasp/webgoat/lessons/sqlinjection/introduction/SqlInjectionLesson10.java,56,Detected a formatted string in a SQL statement. This could lead to SQL injection if variables in the SQL statement are not properly sanitized. Use a prepared statements (java.sql.PreparedStatement) instead. You can obtain a PreparedStatement using 'connection.prepareStatement'.
java.lang.security.audit.sqli.jdbc-sqli.jdbc-sqli,WARNING,src/main/java/org/owasp/webgoat/lessons/sqlinjection/introduction/SqlInjectionLesson10.java,56,Detected a formatted string in a SQL statement. This could lead to SQL injection if variables in the SQL statement are not properly sanitized. Use a prepared statements (java.sql.PreparedStatement) instead. You can obtain a PreparedStatement using 'connection.prepareStatement'.
java.lang.security.audit.sqli.jdbc-sqli.jdbc-sqli,WARNING,src/main/java/org/owasp/webgoat/lessons/sqlinjection/introduction/SqlInjectionLesson2.java,49,Detected a formatted string in a SQL statement. This could lead to SQL injection if variables in the SQL statement are not properly sanitized. Use a prepared statements (java.sql.PreparedStatement) instead. You can obtain a PreparedStatement using 'connection.prepareStatement'.
java.lang.security.audit.formatted-sql-string.formatted-sql-string,ERROR,src/main/java/org/owasp/webgoat/lessons/sqlinjection/introduction/SqlInjectionLesson5a.java,52,Detected a formatted string in a SQL statement. This could lead to SQL injection if variables in the SQL statement are not properly sanitized. Use a prepared statements (java.sql.PreparedStatement) instead. You can obtain a PreparedStatement using 'connection.prepareStatement'.
java.lang.security.audit.formatted-sql-string.formatted-sql-string,ERROR,src/main/java/org/owasp/webgoat/lessons/sqlinjection/introduction/SqlInjectionLesson5b.java,69,Detected a formatted string in a SQL statement. This could lead to SQL injection if variables in the SQL statement are not properly sanitized. Use a prepared statements (java.sql.PreparedStatement) instead. You can obtain a PreparedStatement using 'connection.prepareStatement'.
java.lang.security.audit.formatted-sql-string.formatted-sql-string,ERROR,src/main/java/org/owasp/webgoat/lessons/sqlinjection/introduction/SqlInjectionLesson8.java,62,Detected a formatted string in a SQL statement. This could lead to SQL injection if variables in the SQL statement are not properly sanitized. Use a prepared statements (java.sql.PreparedStatement) instead. You can obtain a PreparedStatement using 'connection.prepareStatement'.
java.lang.security.audit.sqli.jdbc-sqli.jdbc-sqli,WARNING,src/main/java/org/owasp/webgoat/lessons/sqlinjection/introduction/SqlInjectionLesson8.java,62,Detected a formatted string in a SQL statement. This could lead to SQL injection if variables in the SQL statement are not properly sanitized. Use a prepared statements (java.sql.PreparedStatement) instead. You can obtain a PreparedStatement using 'connection.prepareStatement'.
java.lang.security.audit.formatted-sql-string.formatted-sql-string,ERROR,src/main/java/org/owasp/webgoat/lessons/sqlinjection/introduction/SqlInjectionLesson8.java,142,Detected a formatted string in a SQL statement. This could lead to SQL injection if variables in the SQL statement are not properly sanitized. Use a prepared statements (java.sql.PreparedStatement) instead. You can obtain a PreparedStatement using 'connection.prepareStatement'.
java.lang.security.audit.sqli.jdbc-sqli.jdbc-sqli,WARNING,src/main/java/org/owasp/webgoat/lessons/sqlinjection/introduction/SqlInjectionLesson8.java,142,Detected a formatted string in a SQL statement. This could lead to SQL injection if variables in the SQL statement are not properly sanitized. Use a prepared statements (java.sql.PreparedStatement) instead. You can obtain a PreparedStatement using 'connection.prepareStatement'.
java.lang.security.audit.formatted-sql-string.formatted-sql-string,ERROR,src/main/java/org/owasp/webgoat/lessons/sqlinjection/introduction/SqlInjectionLesson9.java,65,Detected a formatted string in a SQL statement. This could lead to SQL injection if variables in the SQL statement are not properly sanitized. Use a prepared statements (java.sql.PreparedStatement) instead. You can obtain a PreparedStatement using 'connection.prepareStatement'.
java.lang.security.audit.sqli.jdbc-sqli.jdbc-sqli,WARNING,src/main/java/org/owasp/webgoat/lessons/sqlinjection/introduction/SqlInjectionLesson9.java,65,Detected a formatted string in a SQL statement. This could lead to SQL injection if variables in the SQL statement are not properly sanitized. Use a prepared statements (java.sql.PreparedStatement) instead. You can obtain a PreparedStatement using 'connection.prepareStatement'.
java.lang.security.audit.sqli.jdbc-sqli.jdbc-sqli,WARNING,src/main/java/org/owasp/webgoat/lessons/sqlinjection/introduction/SqlInjectionLesson9.java,94,Detected a formatted string in a SQL statement. This could lead to SQL injection if variables in the SQL statement are not properly sanitized. Use a prepared statements (java.sql.PreparedStatement) instead. You can obtain a PreparedStatement using 'connection.prepareStatement'.
java.spring.security.injection.tainted-sql-string.tainted-sql-string,ERROR,src/main/java/org/owasp/webgoat/lessons/sqlinjection/mitigation/Servers.java,51,"User data flows into this manually-constructed SQL string. User data can be safely inserted into SQL strings using prepared statements or an object-relational mapper (ORM). Manually-constructed SQL strings is a possible indicator of SQL injection, which could let an attacker steal or manipulate data from the database. Instead, use prepared statements (`connection.PreparedStatement`) or a safe library."
java.spring.security.unrestricted-request-mapping.unrestricted-request-mapping,WARNING,src/main/java/org/owasp/webgoat/lessons/xxe/SimpleXXE.java,77,"Detected a method annotated with 'RequestMapping' that does not specify the HTTP method. CSRF protections are not enabled for GET, HEAD, TRACE, or OPTIONS, and by default all HTTP methods are allowed when the HTTP method is not explicitly specified. This means that a method that performs state changes could be vulnerable to CSRF attacks. To mitigate, add the 'method' field and specify the HTTP method (such as 'RequestMethod.POST')."
java.spring.security.unrestricted-request-mapping.unrestricted-request-mapping,WARNING,src/main/java/org/owasp/webgoat/webwolf/FileServer.java,56,"Detected a method annotated with 'RequestMapping' that does not specify the HTTP method. CSRF protections are not enabled for GET, HEAD, TRACE, or OPTIONS, and by default all HTTP methods are allowed when the HTTP method is not explicitly specified. This means that a method that performs state changes could be vulnerable to CSRF attacks. To mitigate, add the 'method' field and specify the HTTP method (such as 'RequestMethod.POST')."
java.spring.security.injection.tainted-file-path.tainted-file-path,ERROR,src/main/java/org/owasp/webgoat/webwolf/FileServer.java,79,"Detected user input controlling a file path. An attacker could control the location of this file, to include going backwards in the directory with '../'. To address this, ensure that user-controlled variables in file paths are sanitized. You may also consider using a utility method such as org.apache.commons.io.FilenameUtils.getName(...) to only retrieve the file name from the path."
python.django.security.django-no-csrf-token.django-no-csrf-token,WARNING,src/main/resources/lessons/authbypass/html/AuthBypass.html,23,Manually-created forms in django templates should specify a csrf_token to prevent CSRF attacks.
python.django.security.django-no-csrf-token.django-no-csrf-token,WARNING,src/main/resources/lessons/authbypass/html/AuthBypass.html,43,Manually-created forms in django templates should specify a csrf_token to prevent CSRF attacks.
python.django.security.django-no-csrf-token.django-no-csrf-token,WARNING,src/main/resources/lessons/challenges/html/Challenge1.html,15,Manually-created forms in django templates should specify a csrf_token to prevent CSRF attacks.
python.django.security.django-no-csrf-token.django-no-csrf-token,WARNING,src/main/resources/lessons/challenges/html/Challenge1.html,37,Manually-created forms in django templates should specify a csrf_token to prevent CSRF attacks.
python.django.security.django-no-csrf-token.django-no-csrf-token,WARNING,src/main/resources/lessons/challenges/html/Challenge5.html,69,Manually-created forms in django templates should specify a csrf_token to prevent CSRF attacks.
python.django.security.django-no-csrf-token.django-no-csrf-token,WARNING,src/main/resources/lessons/challenges/html/Challenge6.html,102,Manually-created forms in django templates should specify a csrf_token to prevent CSRF attacks.
python.django.security.django-no-csrf-token.django-no-csrf-token,WARNING,src/main/resources/lessons/challenges/html/Challenge7.html,60,Manually-created forms in django templates should specify a csrf_token to prevent CSRF attacks.
python.django.security.django-no-csrf-token.django-no-csrf-token,WARNING,src/main/resources/lessons/challenges/html/Challenge8.html,234,Manually-created forms in django templates should specify a csrf_token to prevent CSRF attacks.
python.django.security.django-no-csrf-token.django-no-csrf-token,WARNING,src/main/resources/lessons/chromedevtools/html/ChromeDevTools.html,25,Manually-created forms in django templates should specify a csrf_token to prevent CSRF attacks.
python.django.security.django-no-csrf-token.django-no-csrf-token,WARNING,src/main/resources/lessons/chromedevtools/html/ChromeDevTools.html,46,Manually-created forms in django templates should specify a csrf_token to prevent CSRF attacks.
python.django.security.django-no-csrf-token.django-no-csrf-token,WARNING,src/main/resources/lessons/chromedevtools/html/ChromeDevTools.html,67,Manually-created forms in django templates should specify a csrf_token to prevent CSRF attacks.
python.django.security.django-no-csrf-token.django-no-csrf-token,WARNING,src/main/resources/lessons/cia/html/CIA.html,30,Manually-created forms in django templates should specify a csrf_token to prevent CSRF attacks.
html.security.plaintext-http-link.plaintext-http-link,WARNING,src/main/resources/lessons/clientsidefiltering/html/ClientSideFiltering.html,96,This link points to a plaintext HTTP URL. Prefer an encrypted HTTPS URL if possible.
javascript.browser.security.insecure-document-method.insecure-document-method,ERROR,src/main/resources/lessons/clientsidefiltering/js/clientSideFiltering.js,6,"User controlled data in methods like `innerHTML`, `outerHTML` or `document.write` is an anti-pattern that can lead to XSS vulnerabilities"
javascript.browser.security.insecure-document-method.insecure-document-method,ERROR,src/main/resources/lessons/clientsidefiltering/js/clientSideFiltering.js,38,"User controlled data in methods like `innerHTML`, `outerHTML` or `document.write` is an anti-pattern that can lead to XSS vulnerabilities"
python.django.security.django-no-csrf-token.django-no-csrf-token,WARNING,src/main/resources/lessons/cryptography/html/Cryptography.html,31,Manually-created forms in django templates should specify a csrf_token to prevent CSRF attacks.
python.django.security.django-no-csrf-token.django-no-csrf-token,WARNING,src/main/resources/lessons/cryptography/html/Cryptography.html,48,Manually-created forms in django templates should specify a csrf_token to prevent CSRF attacks.
python.django.security.django-no-csrf-token.django-no-csrf-token,WARNING,src/main/resources/lessons/cryptography/html/Cryptography.html,65,Manually-created forms in django templates should specify a csrf_token to prevent CSRF attacks.
python.django.security.django-no-csrf-token.django-no-csrf-token,WARNING,src/main/resources/lessons/cryptography/html/Cryptography.html,90,Manually-created forms in django templates should specify a csrf_token to prevent CSRF attacks.
python.django.security.django-no-csrf-token.django-no-csrf-token,WARNING,src/main/resources/lessons/cryptography/html/Cryptography.html,113,Manually-created forms in django templates should specify a csrf_token to prevent CSRF attacks.
python.django.security.django-no-csrf-token.django-no-csrf-token,WARNING,src/main/resources/lessons/csrf/html/CSRF.html,16,Manually-created forms in django templates should specify a csrf_token to prevent CSRF attacks.
python.django.security.django-no-csrf-token.django-no-csrf-token,WARNING,src/main/resources/lessons/csrf/html/CSRF.html,35,Manually-created forms in django templates should specify a csrf_token to prevent CSRF attacks.
python.django.security.django-no-csrf-token.django-no-csrf-token,WARNING,src/main/resources/lessons/csrf/html/CSRF.html,93,Manually-created forms in django templates should specify a csrf_token to prevent CSRF attacks.
python.django.security.django-no-csrf-token.django-no-csrf-token,WARNING,src/main/resources/lessons/csrf/html/CSRF.html,213,Manually-created forms in django templates should specify a csrf_token to prevent CSRF attacks.
python.django.security.django-no-csrf-token.django-no-csrf-token,WARNING,src/main/resources/lessons/csrf/html/CSRF.html,237,Manually-created forms in django templates should specify a csrf_token to prevent CSRF attacks.
python.django.security.django-no-csrf-token.django-no-csrf-token,WARNING,src/main/resources/lessons/deserialization/html/InsecureDeserialization.html,26,Manually-created forms in django templates should specify a csrf_token to prevent CSRF attacks.
html.security.audit.missing-integrity.missing-integrity,WARNING,src/main/resources/lessons/hijacksession/html/HijackSession.html,5,"This tag is missing an 'integrity' subresource integrity attribute. The 'integrity' attribute allows for the browser to verify that externally hosted files (for example from a CDN) are delivered without unexpected manipulation. Without this attribute, if an attacker can modify the externally hosted resource, this could lead to XSS and other types of attacks. To prevent this, include the base64-encoded cryptographic hash of the resource (file) you’re telling the browser to fetch in the 'integrity' attribute for all externally hosted files."
python.django.security.django-no-csrf-token.django-no-csrf-token,WARNING,src/main/resources/lessons/hijacksession/templates/hijackform.html,3,Manually-created forms in django templates should specify a csrf_token to prevent CSRF attacks.
python.django.security.django-no-csrf-token.django-no-csrf-token,WARNING,src/main/resources/lessons/httpbasics/html/HttpBasics.html,26,Manually-created forms in django templates should specify a csrf_token to prevent CSRF attacks.
python.django.security.django-no-csrf-token.django-no-csrf-token,WARNING,src/main/resources/lessons/httpproxies/html/HttpProxies.html,25,Manually-created forms in django templates should specify a csrf_token to prevent CSRF attacks.
python.django.security.django-no-csrf-token.django-no-csrf-token,WARNING,src/main/resources/lessons/idor/html/IDOR.html,23,Manually-created forms in django templates should specify a csrf_token to prevent CSRF attacks.
python.django.security.django-no-csrf-token.django-no-csrf-token,WARNING,src/main/resources/lessons/idor/html/IDOR.html,81,Manually-created forms in django templates should specify a csrf_token to prevent CSRF attacks.
python.django.security.django-no-csrf-token.django-no-csrf-token,WARNING,src/main/resources/lessons/idor/html/IDOR.html,108,Manually-created forms in django templates should specify a csrf_token to prevent CSRF attacks.
python.django.security.django-no-csrf-token.django-no-csrf-token,WARNING,src/main/resources/lessons/insecurelogin/html/InsecureLogin.html,18,Manually-created forms in django templates should specify a csrf_token to prevent CSRF attacks.
python.django.security.django-no-csrf-token.django-no-csrf-token,WARNING,src/main/resources/lessons/insecurelogin/html/InsecureLogin.html,26,Manually-created forms in django templates should specify a csrf_token to prevent CSRF attacks.
generic.secrets.security.detected-jwt-token.detected-jwt-token,ERROR,src/main/resources/lessons/jwt/documentation/JWT_decode.adoc,8,JWT token detected
generic.secrets.security.detected-jwt-token.detected-jwt-token,ERROR,src/main/resources/lessons/jwt/documentation/JWT_libraries.adoc,28,JWT token detected
generic.secrets.security.detected-jwt-token.detected-jwt-token,ERROR,src/main/resources/lessons/jwt/documentation/JWT_libraries.adoc,40,JWT token detected
generic.secrets.security.detected-jwt-token.detected-jwt-token,ERROR,src/main/resources/lessons/jwt/documentation/JWT_libraries.adoc,56,JWT token detected
generic.secrets.security.detected-jwt-token.detected-jwt-token,ERROR,src/main/resources/lessons/jwt/documentation/JWT_libraries_assignment.adoc,7,JWT token detected
generic.secrets.security.detected-jwt-token.detected-jwt-token,ERROR,src/main/resources/lessons/jwt/documentation/JWT_libraries_assignment2.adoc,7,JWT token detected
generic.secrets.security.detected-jwt-token.detected-jwt-token,ERROR,src/main/resources/lessons/jwt/documentation/JWT_libraries_solution.adoc,7,JWT token detected
generic.secrets.security.detected-jwt-token.detected-jwt-token,ERROR,src/main/resources/lessons/jwt/documentation/JWT_signing_solution.adoc,35,JWT token detected
generic.secrets.security.detected-jwt-token.detected-jwt-token,ERROR,src/main/resources/lessons/jwt/documentation/JWT_signing_solution.adoc,77,JWT token detected
python.django.security.django-no-csrf-token.django-no-csrf-token,WARNING,src/main/resources/lessons/jwt/html/JWT.html,20,Manually-created forms in django templates should specify a csrf_token to prevent CSRF attacks.
python.django.security.django-no-csrf-token.django-no-csrf-token,WARNING,src/main/resources/lessons/jwt/html/JWT.html,125,Manually-created forms in django templates should specify a csrf_token to prevent CSRF attacks.
python.django.security.django-no-csrf-token.django-no-csrf-token,WARNING,src/main/resources/lessons/jwt/html/JWT.html,158,Manually-created forms in django templates should specify a csrf_token to prevent CSRF attacks.
generic.secrets.security.detected-jwt-token.detected-jwt-token,ERROR,src/main/resources/lessons/jwt/html/JWT.html,323,JWT token detected
generic.secrets.security.detected-jwt-token.detected-jwt-token,ERROR,src/main/resources/lessons/jwt/html/JWT.html,389,JWT token detected
generic.secrets.security.detected-jwt-token.detected-jwt-token,ERROR,src/main/resources/lessons/jwt/images/logs.txt,2,JWT token detected
python.django.security.django-no-csrf-token.django-no-csrf-token,WARNING,src/main/resources/lessons/lessontemplate/html/LessonTemplate.html,48,Manually-created forms in django templates should specify a csrf_token to prevent CSRF attacks.
python.django.security.django-no-csrf-token.django-no-csrf-token,WARNING,src/main/resources/lessons/logging/html/LogSpoofing.html,17,Manually-created forms in django templates should specify a csrf_token to prevent CSRF attacks.
python.django.security.django-no-csrf-token.django-no-csrf-token,WARNING,src/main/resources/lessons/logging/html/LogSpoofing.html,39,Manually-created forms in django templates should specify a csrf_token to prevent CSRF attacks.
python.django.security.django-no-csrf-token.django-no-csrf-token,WARNING,src/main/resources/lessons/missingac/html/MissingFunctionAC.html,53,Manually-created forms in django templates should specify a csrf_token to prevent CSRF attacks.
python.django.security.django-no-csrf-token.django-no-csrf-token,WARNING,src/main/resources/lessons/missingac/html/MissingFunctionAC.html,76,Manually-created forms in django templates should specify a csrf_token to prevent CSRF attacks.
python.django.security.django-no-csrf-token.django-no-csrf-token,WARNING,src/main/resources/lessons/missingac/html/MissingFunctionAC.html,98,Manually-created forms in django templates should specify a csrf_token to prevent CSRF attacks.
python.django.security.django-no-csrf-token.django-no-csrf-token,WARNING,src/main/resources/lessons/openredirect/html/OpenRedirect.html,18,Manually-created forms in django templates should specify a csrf_token to prevent CSRF attacks.
python.django.security.django-no-csrf-token.django-no-csrf-token,WARNING,src/main/resources/lessons/openredirect/html/OpenRedirect.html,33,Manually-created forms in django templates should specify a csrf_token to prevent CSRF attacks.
python.django.security.django-no-csrf-token.django-no-csrf-token,WARNING,src/main/resources/lessons/openredirect/html/OpenRedirect.html,48,Manually-created forms in django templates should specify a csrf_token to prevent CSRF attacks.
python.django.security.django-no-csrf-token.django-no-csrf-token,WARNING,src/main/resources/lessons/openredirect/html/OpenRedirect.html,64,Manually-created forms in django templates should specify a csrf_token to prevent CSRF attacks.
python.django.security.django-no-csrf-token.django-no-csrf-token,WARNING,src/main/resources/lessons/openredirect/html/OpenRedirect.html,100,Manually-created forms in django templates should specify a csrf_token to prevent CSRF attacks.
python.django.security.django-no-csrf-token.django-no-csrf-token,WARNING,src/main/resources/lessons/openredirect/html/OpenRedirect.html,116,Manually-created forms in django templates should specify a csrf_token to prevent CSRF attacks.
python.django.security.django-no-csrf-token.django-no-csrf-token,WARNING,src/main/resources/lessons/passwordreset/html/PasswordReset.html,144,Manually-created forms in django templates should specify a csrf_token to prevent CSRF attacks.
python.django.security.django-no-csrf-token.django-no-csrf-token,WARNING,src/main/resources/lessons/passwordreset/templates/password_reset.html,12,Manually-created forms in django templates should specify a csrf_token to prevent CSRF attacks.
python.django.security.django-no-csrf-token.django-no-csrf-token,WARNING,src/main/resources/lessons/pathtraversal/html/PathTraversal.html,192,Manually-created forms in django templates should specify a csrf_token to prevent CSRF attacks.
python.django.security.django-no-csrf-token.django-no-csrf-token,WARNING,src/main/resources/lessons/securepasswords/html/SecurePasswords.html,21,Manually-created forms in django templates should specify a csrf_token to prevent CSRF attacks.
python.django.security.django-no-csrf-token.django-no-csrf-token,WARNING,src/main/resources/lessons/securitymisconfiguration/html/SecurityMisconfiguration.html,18,Manually-created forms in django templates should specify a csrf_token to prevent CSRF attacks.
python.django.security.django-no-csrf-token.django-no-csrf-token,WARNING,src/main/resources/lessons/securitymisconfiguration/html/SecurityMisconfiguration.html,47,Manually-created forms in django templates should specify a csrf_token to prevent CSRF attacks.
python.django.security.django-no-csrf-token.django-no-csrf-token,WARNING,src/main/resources/lessons/securitymisconfiguration/html/SecurityMisconfiguration.html,72,Manually-created forms in django templates should specify a csrf_token to prevent CSRF attacks.
html.security.audit.missing-integrity.missing-integrity,WARNING,src/main/resources/lessons/spoofcookie/html/SpoofCookie.html,5,"This tag is missing an 'integrity' subresource integrity attribute. The 'integrity' attribute allows for the browser to verify that externally hosted files (for example from a CDN) are delivered without unexpected manipulation. Without this attribute, if an attacker can modify the externally hosted resource, this could lead to XSS and other types of attacks. To prevent this, include the base64-encoded cryptographic hash of the resource (file) you’re telling the browser to fetch in the 'integrity' attribute for all externally hosted files."
python.django.security.django-no-csrf-token.django-no-csrf-token,WARNING,src/main/resources/lessons/sqlinjection/html/SqlInjection.html,16,Manually-created forms in django templates should specify a csrf_token to prevent CSRF attacks.
python.django.security.django-no-csrf-token.django-no-csrf-token,WARNING,src/main/resources/lessons/sqlinjection/html/SqlInjection.html,40,Manually-created forms in django templates should specify a csrf_token to prevent CSRF attacks.
python.django.security.django-no-csrf-token.django-no-csrf-token,WARNING,src/main/resources/lessons/sqlinjection/html/SqlInjection.html,64,Manually-created forms in django templates should specify a csrf_token to prevent CSRF attacks.
python.django.security.django-no-csrf-token.django-no-csrf-token,WARNING,src/main/resources/lessons/sqlinjection/html/SqlInjection.html,88,Manually-created forms in django templates should specify a csrf_token to prevent CSRF attacks.
python.django.security.django-no-csrf-token.django-no-csrf-token,WARNING,src/main/resources/lessons/sqlinjection/html/SqlInjection.html,189,Manually-created forms in django templates should specify a csrf_token to prevent CSRF attacks.
python.django.security.django-no-csrf-token.django-no-csrf-token,WARNING,src/main/resources/lessons/sqlinjection/html/SqlInjection.html,217,Manually-created forms in django templates should specify a csrf_token to prevent CSRF attacks.
python.django.security.django-no-csrf-token.django-no-csrf-token,WARNING,src/main/resources/lessons/sqlinjection/html/SqlInjection.html,245,Manually-created forms in django templates should specify a csrf_token to prevent CSRF attacks.
python.django.security.django-no-csrf-token.django-no-csrf-token,WARNING,src/main/resources/lessons/sqlinjection/html/SqlInjection.html,274,Manually-created forms in django templates should specify a csrf_token to prevent CSRF attacks.
python.django.security.django-no-csrf-token.django-no-csrf-token,WARNING,src/main/resources/lessons/sqlinjection/html/SqlInjectionAdvanced.html,21,Manually-created forms in django templates should specify a csrf_token to prevent CSRF attacks.
python.django.security.django-no-csrf-token.django-no-csrf-token,WARNING,src/main/resources/lessons/sqlinjection/html/SqlInjectionAdvanced.html,34,Manually-created forms in django templates should specify a csrf_token to prevent CSRF attacks.
python.django.security.django-no-csrf-token.django-no-csrf-token,WARNING,src/main/resources/lessons/sqlinjection/html/SqlInjectionAdvanced.html,169,Manually-created forms in django templates should specify a csrf_token to prevent CSRF attacks.
python.django.security.django-no-csrf-token.django-no-csrf-token,WARNING,src/main/resources/lessons/sqlinjection/html/SqlInjectionMitigations.html,26,Manually-created forms in django templates should specify a csrf_token to prevent CSRF attacks.
python.django.security.django-no-csrf-token.django-no-csrf-token,WARNING,src/main/resources/lessons/sqlinjection/html/SqlInjectionMitigations.html,45,Manually-created forms in django templates should specify a csrf_token to prevent CSRF attacks.
python.django.security.django-no-csrf-token.django-no-csrf-token,WARNING,src/main/resources/lessons/sqlinjection/html/SqlInjectionMitigations.html,73,Manually-created forms in django templates should specify a csrf_token to prevent CSRF attacks.
python.django.security.django-no-csrf-token.django-no-csrf-token,WARNING,src/main/resources/lessons/sqlinjection/html/SqlInjectionMitigations.html,96,Manually-created forms in django templates should specify a csrf_token to prevent CSRF attacks.
python.django.security.django-no-csrf-token.django-no-csrf-token,WARNING,src/main/resources/lessons/sqlinjection/html/SqlInjectionMitigations.html,176,Manually-created forms in django templates should specify a csrf_token to prevent CSRF attacks.
python.django.security.django-no-csrf-token.django-no-csrf-token,WARNING,src/main/resources/lessons/ssrf/html/SSRF.html,13,Manually-created forms in django templates should specify a csrf_token to prevent CSRF attacks.
python.django.security.django-no-csrf-token.django-no-csrf-token,WARNING,src/main/resources/lessons/ssrf/html/SSRF.html,35,Manually-created forms in django templates should specify a csrf_token to prevent CSRF attacks.
html.security.audit.missing-integrity.missing-integrity,WARNING,src/main/resources/lessons/vulnerablecomponents/html/VulnerableComponents.html,5,"This tag is missing an 'integrity' subresource integrity attribute. The 'integrity' attribute allows for the browser to verify that externally hosted files (for example from a CDN) are delivered without unexpected manipulation. Without this attribute, if an attacker can modify the externally hosted resource, this could lead to XSS and other types of attacks. To prevent this, include the base64-encoded cryptographic hash of the resource (file) you’re telling the browser to fetch in the 'integrity' attribute for all externally hosted files."
python.django.security.django-no-csrf-token.django-no-csrf-token,WARNING,src/main/resources/lessons/vulnerablecomponents/html/VulnerableComponents.html,104,Manually-created forms in django templates should specify a csrf_token to prevent CSRF attacks.
python.django.security.django-no-csrf-token.django-no-csrf-token,WARNING,src/main/resources/lessons/webwolfintroduction/html/WebWolfIntroduction.html,19,Manually-created forms in django templates should specify a csrf_token to prevent CSRF attacks.
python.django.security.django-no-csrf-token.django-no-csrf-token,WARNING,src/main/resources/lessons/webwolfintroduction/html/WebWolfIntroduction.html,40,Manually-created forms in django templates should specify a csrf_token to prevent CSRF attacks.
python.django.security.django-no-csrf-token.django-no-csrf-token,WARNING,src/main/resources/lessons/webwolfintroduction/html/WebWolfIntroduction.html,77,Manually-created forms in django templates should specify a csrf_token to prevent CSRF attacks.
python.django.security.django-no-csrf-token.django-no-csrf-token,WARNING,src/main/resources/lessons/xss/html/CrossSiteScripting.html,13,Manually-created forms in django templates should specify a csrf_token to prevent CSRF attacks.
python.django.security.django-no-csrf-token.django-no-csrf-token,WARNING,src/main/resources/lessons/xss/html/CrossSiteScripting.html,134,Manually-created forms in django templates should specify a csrf_token to prevent CSRF attacks.
python.django.security.django-no-csrf-token.django-no-csrf-token,WARNING,src/main/resources/lessons/xss/html/CrossSiteScripting.html,149,Manually-created forms in django templates should specify a csrf_token to prevent CSRF attacks.
python.django.security.django-no-csrf-token.django-no-csrf-token,WARNING,src/main/resources/lessons/xss/html/CrossSiteScripting.html,169,Manually-created forms in django templates should specify a csrf_token to prevent CSRF attacks.
python.django.security.django-no-csrf-token.django-no-csrf-token,WARNING,src/main/resources/lessons/xss/html/CrossSiteScriptingMitigation.html,24,Manually-created forms in django templates should specify a csrf_token to prevent CSRF attacks.
python.django.security.django-no-csrf-token.django-no-csrf-token,WARNING,src/main/resources/lessons/xss/html/CrossSiteScriptingMitigation.html,44,Manually-created forms in django templates should specify a csrf_token to prevent CSRF attacks.
python.django.security.django-no-csrf-token.django-no-csrf-token,WARNING,src/main/resources/lessons/xss/html/CrossSiteScriptingStored.html,68,Manually-created forms in django templates should specify a csrf_token to prevent CSRF attacks.
javascript.lang.security.audit.detect-non-literal-regexp.detect-non-literal-regexp,WARNING,src/main/resources/webgoat/static/js/libs/backbone-min.js,1,"RegExp() called with a `t` function argument, this might allow an attacker to cause a Regular Expression Denial-of-Service (ReDoS) within your application as RegExP blocks the main thread. For this reason, it is recommended to use hardcoded regexes instead. If your regex is run on user-controlled input, consider performing input validation or use a regex checking/sanitization library such as https://www.npmjs.com/package/recheck to verify that the regex does not appear vulnerable to ReDoS."
javascript.lang.security.audit.detect-non-literal-regexp.detect-non-literal-regexp,WARNING,src/main/resources/webgoat/static/js/libs/mode-java.js,573,"RegExp() called with a `commentRegex` function argument, this might allow an attacker to cause a Regular Expression Denial-of-Service (ReDoS) within your application as RegExP blocks the main thread. For this reason, it is recommended to use hardcoded regexes instead. If your regex is run on user-controlled input, consider performing input validation or use a regex checking/sanitization library such as https://www.npmjs.com/package/recheck to verify that the regex does not appear vulnerable to ReDoS."
javascript.lang.security.audit.detect-non-literal-regexp.detect-non-literal-regexp,WARNING,src/main/resources/webgoat/static/js/libs/mode-java.js,576,"RegExp() called with a `commentRegex` function argument, this might allow an attacker to cause a Regular Expression Denial-of-Service (ReDoS) within your application as RegExP blocks the main thread. For this reason, it is recommended to use hardcoded regexes instead. If your regex is run on user-controlled input, consider performing input validation or use a regex checking/sanitization library such as https://www.npmjs.com/package/recheck to verify that the regex does not appear vulnerable to ReDoS."
javascript.lang.security.audit.prototype-pollution.prototype-pollution-loop.prototype-pollution-loop,WARNING,src/main/resources/webgoat/static/js/libs/underscore-min.js,6,"Possibility of prototype polluting function detected. By adding or modifying attributes of an object prototype, it is possible to create attributes that exist on every object, or replace critical attributes with malicious ones. This can be problematic if the software depends on existence or non-existence of certain attributes, or uses pre-defined attributes of object prototype (such as hasOwnProperty, toString or valueOf). Possible mitigations might be: freezing the object prototype, using an object without prototypes (via Object.create(null) ), blocking modifications of attributes that resolve to object prototype, using Map instead of object."
javascript.lang.security.audit.detect-non-literal-regexp.detect-non-literal-regexp,WARNING,src/main/resources/webgoat/static/js/libs/underscore-min.js,6,"RegExp() called with a `r` function argument, this might allow an attacker to cause a Regular Expression Denial-of-Service (ReDoS) within your application as RegExP blocks the main thread. For this reason, it is recommended to use hardcoded regexes instead. If your regex is run on user-controlled input, consider performing input validation or use a regex checking/sanitization library such as https://www.npmjs.com/package/recheck to verify that the regex does not appear vulnerable to ReDoS."
javascript.lang.security.audit.detect-non-literal-regexp.detect-non-literal-regexp,WARNING,src/main/resources/webgoat/static/js/libs/underscore-min.js,6,"RegExp() called with a `r` function argument, this might allow an attacker to cause a Regular Expression Denial-of-Service (ReDoS) within your application as RegExP blocks the main thread. For this reason, it is recommended to use hardcoded regexes instead. If your regex is run on user-controlled input, consider performing input validation or use a regex checking/sanitization library such as https://www.npmjs.com/package/recheck to verify that the regex does not appear vulnerable to ReDoS."
javascript.lang.security.audit.prototype-pollution.prototype-pollution-loop.prototype-pollution-loop,WARNING,src/main/resources/webgoat/static/js/libs/underscore-min.js,6,"Possibility of prototype polluting function detected. By adding or modifying attributes of an object prototype, it is possible to create attributes that exist on every object, or replace critical attributes with malicious ones. This can be problematic if the software depends on existence or non-existence of certain attributes, or uses pre-defined attributes of object prototype (such as hasOwnProperty, toString or valueOf). Possible mitigations might be: freezing the object prototype, using an object without prototypes (via Object.create(null) ), blocking modifications of attributes that resolve to object prototype, using Map instead of object."
javascript.lang.security.audit.detect-non-literal-regexp.detect-non-literal-regexp,WARNING,src/main/resources/webgoat/static/js/libs/underscore-min.js,6,"RegExp() called with a `n` function argument, this might allow an attacker to cause a Regular Expression Denial-of-Service (ReDoS) within your application as RegExP blocks the main thread. For this reason, it is recommended to use hardcoded regexes instead. If your regex is run on user-controlled input, consider performing input validation or use a regex checking/sanitization library such as https://www.npmjs.com/package/recheck to verify that the regex does not appear vulnerable to ReDoS."
javascript.lang.security.audit.detect-non-literal-regexp.detect-non-literal-regexp,WARNING,src/main/resources/webgoat/static/js/libs/underscore-min.js,6,"RegExp() called with a `r` function argument, this might allow an attacker to cause a Regular Expression Denial-of-Service (ReDoS) within your application as RegExP blocks the main thread. For this reason, it is recommended to use hardcoded regexes instead. If your regex is run on user-controlled input, consider performing input validation or use a regex checking/sanitization library such as https://www.npmjs.com/package/recheck to verify that the regex does not appear vulnerable to ReDoS."
javascript.browser.security.insecure-document-method.insecure-document-method,ERROR,src/main/resources/webgoat/static/js/quiz.js,34,"User controlled data in methods like `innerHTML`, `outerHTML` or `document.write` is an anti-pattern that can lead to XSS vulnerabilities"
javascript.lang.security.audit.detect-non-literal-regexp.detect-non-literal-regexp,WARNING,src/main/resources/webgoat/static/plugins/bootstrap-wysihtml5/js/wysihtml5-0.3.0.js,843,"RegExp() called with a `nodeTypes` function argument, this might allow an attacker to cause a Regular Expression Denial-of-Service (ReDoS) within your application as RegExP blocks the main thread. For this reason, it is recommended to use hardcoded regexes instead. If your regex is run on user-controlled input, consider performing input validation or use a regex checking/sanitization library such as https://www.npmjs.com/package/recheck to verify that the regex does not appear vulnerable to ReDoS."
javascript.browser.security.insecure-document-method.insecure-document-method,ERROR,src/main/resources/webgoat/static/plugins/bootstrap-wysihtml5/js/wysihtml5-0.3.0.js,1189,"User controlled data in methods like `innerHTML`, `outerHTML` or `document.write` is an anti-pattern that can lead to XSS vulnerabilities"
javascript.browser.security.insecure-document-method.insecure-document-method,ERROR,src/main/resources/webgoat/static/plugins/bootstrap-wysihtml5/js/wysihtml5-0.3.0.js,1206,"User controlled data in methods like `innerHTML`, `outerHTML` or `document.write` is an anti-pattern that can lead to XSS vulnerabilities"
javascript.browser.security.insecure-document-method.insecure-document-method,ERROR,src/main/resources/webgoat/static/plugins/bootstrap-wysihtml5/js/wysihtml5-0.3.0.js,4011,"User controlled data in methods like `innerHTML`, `outerHTML` or `document.write` is an anti-pattern that can lead to XSS vulnerabilities"
javascript.lang.security.audit.detect-non-literal-regexp.detect-non-literal-regexp,WARNING,src/main/resources/webgoat/static/plugins/bootstrap-wysihtml5/js/wysihtml5-0.3.0.js,4079,"RegExp() called with a `className` function argument, this might allow an attacker to cause a Regular Expression Denial-of-Service (ReDoS) within your application as RegExP blocks the main thread. For this reason, it is recommended to use hardcoded regexes instead. If your regex is run on user-controlled input, consider performing input validation or use a regex checking/sanitization library such as https://www.npmjs.com/package/recheck to verify that the regex does not appear vulnerable to ReDoS."
javascript.lang.security.audit.detect-non-literal-regexp.detect-non-literal-regexp,WARNING,src/main/resources/webgoat/static/plugins/bootstrap-wysihtml5/js/wysihtml5-0.3.0.js,4088,"RegExp() called with a `className` function argument, this might allow an attacker to cause a Regular Expression Denial-of-Service (ReDoS) within your application as RegExP blocks the main thread. For this reason, it is recommended to use hardcoded regexes instead. If your regex is run on user-controlled input, consider performing input validation or use a regex checking/sanitization library such as https://www.npmjs.com/package/recheck to verify that the regex does not appear vulnerable to ReDoS."
javascript.browser.security.insecure-document-method.insecure-document-method,ERROR,src/main/resources/webgoat/static/plugins/bootstrap-wysihtml5/js/wysihtml5-0.3.0.js,4354,"User controlled data in methods like `innerHTML`, `outerHTML` or `document.write` is an anti-pattern that can lead to XSS vulnerabilities"
javascript.browser.security.insecure-document-method.insecure-document-method,ERROR,src/main/resources/webgoat/static/plugins/bootstrap-wysihtml5/js/wysihtml5-0.3.0.js,4391,"User controlled data in methods like `innerHTML`, `outerHTML` or `document.write` is an anti-pattern that can lead to XSS vulnerabilities"
javascript.browser.security.insecure-document-method.insecure-document-method,ERROR,src/main/resources/webgoat/static/plugins/bootstrap-wysihtml5/js/wysihtml5-0.3.0.js,5999,"User controlled data in methods like `innerHTML`, `outerHTML` or `document.write` is an anti-pattern that can lead to XSS vulnerabilities"
javascript.browser.security.insecure-document-method.insecure-document-method,ERROR,src/main/resources/webgoat/static/plugins/bootstrap-wysihtml5/js/wysihtml5-0.3.0.js,6202,"User controlled data in methods like `innerHTML`, `outerHTML` or `document.write` is an anti-pattern that can lead to XSS vulnerabilities"
javascript.browser.security.insecure-document-method.insecure-document-method,ERROR,src/main/resources/webgoat/static/plugins/bootstrap-wysihtml5/js/wysihtml5-0.3.0.js,6695,"User controlled data in methods like `innerHTML`, `outerHTML` or `document.write` is an anti-pattern that can lead to XSS vulnerabilities"
javascript.browser.security.insecure-document-method.insecure-document-method,ERROR,src/main/resources/webgoat/static/plugins/bootstrap-wysihtml5/js/wysihtml5-0.3.0.js,7940,"User controlled data in methods like `innerHTML`, `outerHTML` or `document.write` is an anti-pattern that can lead to XSS vulnerabilities"
javascript.browser.security.insecure-document-method.insecure-document-method,ERROR,src/main/resources/webgoat/static/plugins/bootstrap-wysihtml5/js/wysihtml5-0.3.0.js,7962,"User controlled data in methods like `innerHTML`, `outerHTML` or `document.write` is an anti-pattern that can lead to XSS vulnerabilities"
javascript.browser.security.insecure-document-method.insecure-document-method,ERROR,src/main/resources/webgoat/static/plugins/bootstrap-wysihtml5/js/wysihtml5-0.3.0.js,8056,"User controlled data in methods like `innerHTML`, `outerHTML` or `document.write` is an anti-pattern that can lead to XSS vulnerabilities"
python.django.security.django-no-csrf-token.django-no-csrf-token,WARNING,src/main/resources/webgoat/templates/login.html,31,Manually-created forms in django templates should specify a csrf_token to prevent CSRF attacks.
python.django.security.django-no-csrf-token.django-no-csrf-token,WARNING,src/main/resources/webwolf/templates/files.html,32,Manually-created forms in django templates should specify a csrf_token to prevent CSRF attacks.
